id,categoria,nombre,precio_mxn,descripcion,pagina_pdf,ubicacion_fuente,nota_fuente,fotografia_especifica,archivo_foto
taco-pastor,Tacos,Tacos al pastor,18,,2,Tacos,,Pendiente,
taco-chuleta,Tacos,Tacos de chuleta,18,,2,Tacos,,Pendiente,
taco-bistec,Tacos,Tacos de bistec,21,,2,Tacos,,Pendiente,
suizas,Tacos,Suizas,55,,2,Tacos,Precio manuscrito sobre la carta.,Pendiente,
gringas,Tacos,Gringas,55,,2,Tacos,Precio manuscrito sobre la carta.,Pendiente,
gringas-bistec,Tacos,Gringas de bistec,60,,2,Tacos,Precio manuscrito sobre la carta.,Pendiente,
sincronizadas,Tacos,Sincronizadas,55,,2,Tacos,,Pendiente,
quesadillas,Tacos,Quesadillas,55,,2,Tacos,,Pendiente,
taco-chuleta-queso,Tacos,Tacos de chuleta con queso,35,,2,Tacos,,Pendiente,
taco-bistec-queso,Tacos,Tacos de bistec con queso,35,,2,Tacos,,Pendiente,
taco-pastor-queso,Tacos,Tacos de pastor con queso,35,,2,Tacos,,Pendiente,
taco-chistorra,Tacos,Tacos de chistorra,45,,2,Tacos,,Pendiente,
taco-chistorra-queso,Tacos,Tacos de chistorra con queso,50,,2,Tacos,,Pendiente,
taco-sirloin,Tacos,Tacos de sirloin (Shirlon),47,,2,Tacos,,Pendiente,
taco-sirloin-queso,Tacos,Taco de sirloin con queso (Shirlon),55,,2,Tacos,,Pendiente,
taco-arrachera,Tacos,Taco de arrachera,55,,2,Columna superior derecha,,Pendiente,
taco-arrachera-queso,Tacos,Taco de arrachera con queso,65,,2,Columna superior derecha,,Pendiente,
torta-pastor,Tortas,Torta al pastor,55,,2,Tortas,,Pendiente,
torta-bistec,Tortas,Torta de bistec,60,,2,Tortas,,Pendiente,
torta-bistec-queso,Tortas,Torta de bistec con queso,65,,2,Tortas,,Pendiente,
torta-pastor-queso,Tortas,Torta al pastor con queso,60,,2,Tortas,,Pendiente,
torta-sirloin,Tortas,Torta de sirloin (Shirlon),65,,2,Tortas,,Pendiente,
torta-sirloin-queso,Tortas,Torta de sirloin con queso (Shirlon),75,,2,Tortas,,Pendiente,
alambre-queso,Platillos,Alambre con queso,165,"Chuleta, tocino, jamón, morrón, cebolla y queso.",2,Platillos,,Pendiente,
alambre-hawaiano,Platillos,Alambre hawaiano,170,"Chuleta, bistec, pastor, piña, cebolla, morrón, poblano, tocino, jamón y queso.",2,Platillos,,Pendiente,
alambre-pastor,Platillos,Alambre al pastor,165,"Al pastor, tocino, jamón, cebolla, morrón, poblano y queso.",2,Platillos,,Pendiente,
alambre-mix,Platillos,Alambre Mix,170,,2,Platillos,,Pendiente,
fortachon,Platillos,Fortachón,170,"Bistec, morrón, poblano, chorizo, champiñones y queso.",2,Platillos,,Pendiente,
que-me-notas,Platillos,Que me notas,170,"Bistec, al pastor, cebolla, piña, morrón, poblano y queso.",2,Platillos,,Pendiente,
que-me-ves,Platillos,Que me ves,170,"Bistec, chorizo y queso.",2,Platillos,,Pendiente,
super-especial,Platillos,Súper especial,170,"Bistec, tocino, cecina y queso.",2,Platillos,,Pendiente,
queso-hawaiano,Platillos,Orden de queso hawaiano,160,,2,Platillos,,Pendiente,
queso-fundido,Platillos,Queso fundido,160,,2,Platillos,,Pendiente,
orden-bistec-queso,Platillos,Orden de bistec con queso,170,,2,Platillos,,Pendiente,
orden-pastor-queso,Platillos,Orden al pastor con queso,165,,2,Platillos,,Pendiente,
orden-pastor,Platillos,Orden de pastor,160,,2,Platillos,,Pendiente,
medio-bistec,Platillos,½ de bistec sencillo,210,,2,Platillos,La carta escribe «½ de bistec sencillo» sin precisar la unidad.,Pendiente,
medio-bistec-queso,Platillos,½ de bistec con queso,250,,2,Platillos,La carta escribe «½ de bistec con queso» sin precisar la unidad.,Pendiente,
orden-bistec-champinon,Platillos,"Orden de bistec, champiñón y queso",170,,2,Platillos,,Pendiente,
orden-chuleta-champinon,Platillos,"Orden de chuleta, champiñón y queso",170,,2,Platillos,,Pendiente,
mexicanisimo,Platillos,Orden de mexicanísimo,170,"Bistec, chuleta, tocino, jamón, cebolla, jitomate, chile poblano y queso.",2,Platillos,,Pendiente,
pastorada,Platillos,Orden de pastorada,165,,2,Platillos,,Pendiente,
parrillada-grande,Platillos,Parrillada Mix grande,450,Para 5 personas.,2,Platillos,,Pendiente,
parrillada-chica,Platillos,Parrillada Mix chica,350,,2,Platillos,,Pendiente,
parrillada-especial,Platillos,Parrillada especial,550,,2,Platillos,,Pendiente,
kilo-sirloin,Platillos,1 kilo de sirloin (Shirlon),430,,2,Platillos,,Pendiente,
medio-sirloin,Platillos,½ kilo de sirloin (Shirlon),250,,2,Platillos,,Pendiente,
kilo-sirloin-queso,Platillos,1 kilo de sirloin con queso (Shirlon),470,,2,Platillos,,Pendiente,
medio-sirloin-queso,Platillos,½ kilo de sirloin con queso (Shirlon),270,,2,Platillos,,Pendiente,
kilo-bistec,Platillos,1 kilo de bistec,335,,2,Platillos,,Pendiente,
kilo-bistec-queso,Platillos,1 kilo de bistec con queso,400,,2,Platillos,,Pendiente,
orden-arrachera,Platillos,Orden de arrachera,220,,2,Columna superior derecha,,Pendiente,
alambre-sirloin,Platillos,Alambre de sirloin (Shirlon),210,,2,Columna superior derecha,,Pendiente,
alambre-arrachera,Platillos,Alambre de arrachera,220,,2,Columna superior derecha,,Pendiente,
cebollines,Platillos,Orden de cebollines,35,,2,Debajo de la promoción de arrachera,,Pendiente,
nopales,Platillos,Orden de nopales,35,,2,Debajo de la promoción de arrachera,,Pendiente,
pastor-queso-kilo,Por kilo,Al pastor con queso,370,,1,Por kilo,,Pendiente,
alambre-queso-kilo,Por kilo,Alambre con queso,370,,1,Por kilo,,Pendiente,
pastor-kilo,Por kilo,Al pastor,325,,1,Por kilo,,Pendiente,
pastor-medio,Por kilo,½ kilo al pastor,170,,1,Por kilo,,Pendiente,
pastor-queso-medio,Por kilo,½ kilo al pastor con queso,230,,1,Por kilo,,Pendiente,
alambre-medio,Por kilo,½ kilo alambre,230,,1,Por kilo,,Pendiente,
arrachera-kilo,Por kilo,Kilo de arrachera,500,,2,Columna superior derecha,,Pendiente,
arrachera-queso-kilo,Por kilo,Kilo de arrachera con queso,530,,2,Columna superior derecha,,Pendiente,
arrachera-media,Por kilo,½ arrachera sencilla,300,,2,Columna superior derecha,El renglón no explicita la unidad de ½.,Pendiente,
arrachera-queso-media,Por kilo,½ arrachera con queso,320,,2,Columna superior derecha,El renglón no explicita la unidad de ½.,Pendiente,
super-paquete-mix,Súper Paquete Mix,Súper Paquete Mix,550,"1 kilo de carne al pastor con queso, 5 tacos de chuleta, 5 tacos al pastor, 1 orden de cebollines y 1 refresco de 2.5 litros. Para 6 personas.",1,Super Paquete Mix,,Pendiente,
cocacola-600,Bebidas,Refresco Coca-Cola de 600,32,,2,Sin encabezado (agrupación editorial: Bebidas),El renglón indica «de 600» sin imprimir la unidad.,Pendiente,
refrescos-varios,Bebidas,Refrescos varios,28,,2,Sin encabezado (agrupación editorial: Bebidas),,Pendiente,
refrescos-600,Bebidas,Refrescos de 600,32,,2,Sin encabezado (agrupación editorial: Bebidas),El renglón indica «de 600» sin imprimir la unidad.,Pendiente,
refrescos-grandes,Bebidas,Refrescos grandes,60,,2,Sin encabezado (agrupación editorial: Bebidas),,Pendiente,
agua-embotellada,Bebidas,Agua embotellada,15,,2,Sin encabezado (agrupación editorial: Bebidas),,Pendiente,
jamaica-chica,Bebidas,Agua de jamaica chica,36,,2,Sin encabezado (agrupación editorial: Bebidas),,Pendiente,
jamaica-grande,Bebidas,Agua de jamaica grande,46,,2,Sin encabezado (agrupación editorial: Bebidas),,Pendiente,
